ID,Username,email,address,phone_no,ReceiveDate,DueDate,Active_loans,books_ID,password
100,John Doe,johndoe@example.com,123 Main St,9555123456,2024-05-17,2024-06-17,20,1,JohnDoe@123
101,Jane Smith,janesmith@example.com,456 Elm St,1095556789,2024-05-17,2024-06-17,15,2,JaneSmith@123
102,Alice Johnson,alicejohnson@example.com,789 Oak St,9555901234,2024-05-17,2024-06-17,16,3,AliceJohnson@123
103,Bob Williams,bobwilliams@example.com,101 Pine St,1095534567,2024-05-17,2024-06-17,20,4,BobWilliams@123
104,Emily Brown,emilybrown@example.com,202 Maple St,9555789012,2024-05-17,2024-06-17,17,5,emilybrown@@123
105,Michael Davis,michaeldavis@example.com,303 Cedar St,1095523456,2024-05-17,2024-06-17,20,6,michaeldavis@123
106,Sophia Wilson,sophiawilson@example.com,404 Birch St,9555678901,2024-05-17,2024-06-17,10,7,sophiawilson@123
107,Oliver Taylor,olivertaylor@example.com,505 Walnut St,1095501234,2024-05-17,2024-06-17,18,8,olivertaylor@123
108,Emma Martinez,emmartinez@example.com,606 Spruce St,9555456789,2024-05-17,2024-06-17,20,9,emmartinez@123
109,Liam Anderson,liamanderson@example.com,707 Cedar St,1095589012,2024-05-17,2024-06-17,10,10,liamanderson@123
110,Sophia Jones,sophiajones@example.com,808 Elm St,9555234567,2024-05-17,2024-06-17,11,11,sophiajones@123
111,Aiden Wilson,aidenwilson@example.com,909 Oak St,1095567890,2024-05-17,2024-06-17,85,12,aidenwilson@123
112,Isabella Taylor,isabellataylor@example.com,1010 Pine St,9555012345,2024-05-17,2024-06-17,28,13,isabellataylor@123
113,Lucas Hernandez,lucashernandez@example.com,1111 Maple St,1095545678,2024-05-17,2024-06-17,17,14,lucashernandez@123
114,Mia Martinez,miamartinez@example.com,1212 Cedar St,9555890123,2024-05-17,2024-06-17,20,15,miamartinez@123
